Cluster 0:Cadillac, calcium, Calder, calf, Callaway, Caller, Camelot, Camilla, Cannon, CANON, cardinal, Carl, Carleton, Carlisle, Carlo, Carlsbad, Carlson, Carlton, Carly, Carmichael, Cartier, Cary, Casper, Castle, Cathedral, cDNA, CDs, cds, CDS, CELL, cellar, Cellar, Celsius, celtic, CFA, cfg, Chancellor, chancellor, Chandelier, chandelier, Chandeliers, Chandler, CHARLES, Chelsea, Childs, Christchurch, Christi, Christian, CHRISTIAN, Christians, Christie, Christoph, Christopher, Christy, Churchill, Citadel, Claremont, Clarence, Clarendon, Clarion, Clarity, Clark, Clarke, Clarks, Clarkson, Clash, Claude, Clegg, Clemens, Clement, Clements, Clemson, clergy, cliffs, Clock, Clomid, CME, Cologne, Constantine, Controller, Controllers, Cramer, CRC, Crescent, Crusaders, Crystal, crystal, CRYSTAL, crystalline, crystals, Crystals, CSA, CSC, Karl, Kathleen, Katz, Keller
Cluster 1:Everett, Vanderbilt, Vaughan, Vaughn, Vauxhall, Vernon, wagering, Wakefield, Waldo, Wales, walker, walkers, walks, Walks, Wallace, Waller, Walter, Walters, Wanda, Warrington, Warsaw, Warwick, Warwickshire, Washburn, Waterford, Watford, Webber, Weber, Welch, Wellesley, Welsh, Wembley, Wendell, Wenger, Werner, Westchester, Western, Westfield, Westminster, Wheelchair, Wheeler, Wheeling, Wheels, Whistler, Widow, Wigan, Wight, Wilder, wilderness, Wilderness, Wiltshire, Windsor, Wizards, Worthington, WOULD, Wrangler, WWI
Cluster 2:Mac, Macbeth, MacDonald, Macdonald, Mack, Mackenzie, Macmillan, Macquarie, Madoff, Magellan, magic, Magic, magical, Magical, magician, Magician, Magnum, Maguire, Mammoth, McAfee, McCall, McCann, McCarthy, McConnell, McCormick, McCoy, McDaniel, McDermott, McDonald, McDonnell, McDowell, McGee, McGill, McGrath, McGraw, McGregor, McGuire, McKay, McKee, McKenna, McKenzie, McLaughlin, McLean, McLeod, McMahon, McMillan, McNabb, McNamara, McPherson, McQueen, Montclair, Montgomery, Mulder, Murdoch
Cluster 3:DAC, Damian, Daniel, Daniels, Danube, Darby, Darcy, Darius, Darrell, Dart, Darth, Dartmouth, Davidson, Davies, Deal, Dealer, Dealing, Dec, DEC, Decatur, DECEMBER, Deck, Decks, Default, defender, Defender, Defenders, Delaware, Delta, delusion, dementia, Dementia, denomination, denominations, Dental, deposit, Deposit, dermatologist, Dermatology, Derrick, Derry, Descent, Designer, Desks, desktop, Desktop, desktops, Desktops, Desmond, despair, Dessert, Desserts, detective, Detector, detergent, deviation, deviations, devout, diagnostic, diagnostics, Dior, DIRECT, Domaine, Donaldson, Dorchester, Dorset, doubts, Douglas, Douglass, Dresser, Drexel, Dry, dryer, Dryer, dryers, Drying, Dudley, Duff, Duffy, Duluth, Dumbledore, Dunbar, Dundee, Dunham, Durham, dwarf, Dwarf, Dwight, Dwyer, Dyer
Cluster 4:Albert, Alexandra, Alfred, Alzheimer, Anton, Arc, Archbishop, Arundel, Atlantic, Balkan, Baltic, Bavaria, Bavarian, Beckett, Belgium, Bellamy, BELT, Berkley, Bernard, Bernardino, Bert, Bertha, Bertrand, Bette, Betty, Birmingham, Bismarck, Brussels, Cedric, Dmitry, Ebert, Edgar, Elisabeth, Emanuel, Emery, Eureka, Europa, Europe, Frederick, gary, Geneva, GEORGE, Gerald, Gerard, Greta, Guetta, Gwen, Hamlet, Henri, Henry, Herbert, Hermes, Hubert, Keith, Kenneth, Kent, Madam, Madame, Madeleine, Marc, marc, Marcel, Marcy, Margaret, Maria, maria, Mariah, marie, mario, Marisa, marital, Marsha, Marshall, Mathieu, Maurice, Mead, Mechanic, medieval, Medieval, MEDIUM, mellitus, Melt, Memorabilia, Mercer, Merci, Merck, mercy, Meredith, meridia, Met, MET, Metal, METAL, Metallica, metering, Meth, Metropolitan, Mets, Michel, Michelangelo, Monaco, Moncler, mortal, Mozart, Muller, Munich, Napoleon, Natal, nectar, Nelson, Nicholas, Nobel, Noel, Noir, Nora, Norma, Novell, Olivier, Rachel, Raymond, Rebecca, Rebel, Regent, Regina, Regis, rheumatoid, Rothschild, Rudolph, Schneider, Schubert, Sebastian, Shakespeare, Thierry, Toulouse, Tudor, Twentieth, Ubisoft, UCF, University, Ursula, Utica, Valerie, Vatican, ventricular, verge, Vermont, Verona, Veronica, Versus, Vertigo, Vienna, Viktor, Vlad, Vuitton
Cluster 5:Alberta, Antwerp, Basel, Calgary, Canada, Canadiens, Canton, Canucks, CHF, Edinburgh, Edmonton, Glasgow, Halifax, Highland, Highlander, Highlands, Kelowna, Manitoba, Mississauga, Montreal, Montréal, Ontario, ontario, Ottawa, Quebec, Saskatchewan, Saskatoon, Scot, Scotch, Scotia, Scotland, scotland, Scots, Scott, Scottish, Scottsdale, Spokane, Suisse, Swiss, Switzerland, Tuscany, Vancouver, vancouver, Zurich
Cluster 6:Albion, Allegheny, Antrim, Argyle, Belfast, Bell, Belleville, Bellingham, Bells, Belmont, Berwick, Blackburn, Blackpool, Blackwell, Bradshaw, Brampton, Caldwell, Calvary, Calvert, Cambria, Canterbury, Cardiff, Cavalry, Celtic, Chatham, Chelmsford, Clarksville, Clifton, Cobb, Colbert, Colchester, Coldplay, Coldwell, Commonwealth, Cooper, Copper, Corbett, Cordova, Cougar, Cougars, Coulter, Coventry, Coward, CowardUser, Crawford, Crockett, Cromwell, Crouch, Cumbria, Cushing, Drummond, Edmond, Edmonds, Edwards, Elf, Ellsworth, Erickson, Essex, Falmouth, Fletcher, Fordham, Frankfort, Gallagher, Gallo, Gallon, Galloway, Galway, Gardiner, Gareth, Garfield, Garrett, Garth, Geoffrey, Gibraltar, Gilbert, Gloucester, Goddard, Goodwill, Gould, Graham, Gresham, Guelph, Guildford, Hadley, Hardwood, Harlow, Hartford, Hastings, Hatfield, Helens, Hogwarts, Kellogg, Lancashire, Litchfield, Mansfield, Meadows, Medford, Melton, Nantucket, Norfolk, Normandy, Northfield, Northumberland, Norwalk, Norwich, Norwood, Radcliffe, Redmond, Regency, Ridge, Rockford, Rockwell, Salisbury, Scarborough, Stamford, Stratford, Suffolk
Cluster 7:Autism, Fallen, Fatigue, Faucet, faucet, Fault, Faust, Forest, Gage, Galactic, Galactica, Gather, Gathering, Gawker, glamour, Goggles, grandeur, Jasper, Kruger, Mountain, Nostalgia, Ralph, Reservoir, Rustic, Sack, safeguard, Safety, Sahara, Saint, salvage, Salzburg, sanctuary, Sanctuary, SanDisk, Sandusky, Santorum, SAP, Sasha, Saturn, Saunders, Savers, Savior, Saviour, Scams, Scandinavia, Scandinavian, Schaefer, Sconce, scott, SCOTT, Scranton, Scream, scrimmage, Sensation, Shame, Shamrock, Sheldon, skeletal, Skyrim, Slave, Slavery, Slaves, Smyrna, Solidarity, Spence, splendid, SPORT, Spruce, Stabilizer, stables, Stacy, Stallion, Stanley, Stark, Stefan, Stella, stellar, Stellar, Stephan, Stout, Strapless, strapped, straps, Straps, Stratton, straw, Straw, Streisand, Strength, Stroke, Struggle, Strut, struts, Stuart, Superior, Svc, Swarovski, SWF, Thesaurus, Trac, Tramadol, Translucent, Transmitter, Trekking, UGA, Vacuum, Vault, vault, Velocity, Wildcat, Wildlife, Wolfgang
Cluster 8:Aluminum, Anthropology, antioxidant, atlantic, Auction, authority, Authority, Balkans, cafeteria, calculator, calculators, calculus, Calculus, Cap, capillary, Caps, castle, castles, Castles, cavalry, CET, citation, citations, classic, Classic, CLASSIC, classical, Classical, Classics, classics, Confederation, Conference, CONFERENCE, confluence, confrontation, conservatories, conservatory, Conservatory, Consortium, Conspiracy, constellation, Constellation, Consult, continent, continental, continents, CONTRACT, contradict, contradiction, contradictions, contradicts, Controls, Conversations, December, december, depositing, deposits, directives, DIRECTV, Electricians, Electricity, elf, Emeritus, ensembles, Episcopal, ESC, Establishment, Estate, Estates, europe, EUROPE, Europeans, Excellence, excursion, excursions, Experiment, Experiments, Expert, faction, factions, Factory, fantastic, fascist, Federation, formulations, fracture, fractures, gauges, greats, gusts, knowledge, Lectures, Liberation, maturation, maturity, metals, Metals, Monument, mortals, Mounts, Nationals, nations, Naturals, NEC, Neuroscience, neuroscience, norms, notion, notions, OCTOBER, Outdoor, Outdoors, outlet, Outlet, outlets, Outlets, Publication, publications, Rebels, Recreation, referencing, Regents, Region, renaissance, rugby, safeguards, Schematic, societal, Sociology, sociology, specification, Specification, Structural, Structure, Structures, Theological, theology, Theology, transducer, UCI, unions, Unions, UNIVERSITY, withdrew, Works
Cluster 9:blackjack, Blackjack, Labor, Laboratory, labour, Lac, Lack, lackluster, Lacy, Lake, Lakes, Lakeview, Lakewood, Lambert, Lamont, Lamps, Lancaster, Largo, Lau, Lauder, Lauderdale, Laundry, Laurel, lauren, Laurence, Laurent, Laurie, lavish, Lazarus, Leach, Leafs, League, leash, Lecturer, ledger, Leeds, Legacy, Legend, legendary, Legendary, Legends, Lehigh, Lehman, Leica, Leigh, Leighton, Lennon, Leonard, Leopold, lethal, Lethal, Leukemia, Levy, Lew, Lewis, lewis, Liberty, Limbaugh, Limerick, Locust, Logic, Lookout, Lorraine, Louise, Louvre, Luc, Luca, Lucie, Lucifer, Ludwig, Luigi, lupus, Luxembourg, Lyme, Rovers
Cluster 10:Alps, Antarctic, Antarctica, Arctic, arctic, avalanche, Blackhawks, blizzard, cold, Cold, COLD, colds, freezing, gels, Glacier, glacier, glaciers, Grim, Grimes, Grimm, Hockey, melt, melted, melting, melts, NATO, NHL, noir, Nordic, Norm, Northern, Norwegian, Refrigeration, Refrigerator, skater, skaters, skating, Skating, skiers, skiing, Skiing, snow, Snow, SNOW, snowfall, snowing, Snowman, snowman, snowmobile, Snowmobile, Warm, warms, warmth, winter, winters
