AAU, About, Abroad, Academia, academia, Academic, academic, ACADEMIC, academically, Academics, academics, Academies, academies, ACADEMY, academy, Academy, Accademia, Accenture, Admission, Admissions, admissions, Advanced, Algebra, alumna, Alumnae, alumnae, alumni, Alumni, alumnus, Alumnus, Anthropological, ANU, applicants, Applicants, Application, Applied, Applying, applying, Architects, Architectural, Architecture, architecture, Aristotle, arXiv, Astronomers, Astronomy, Astrophysics, ASU, Ateneo, Athenaeum, Athletics, Attend, Auburn, auckland, Awarded, baccalaureate, Baccalaureate, bachelors, Bachelors, Baltimore, bangalore, barcelona, Baylor, beijing, Beijing, Bengaluru, Berkeley, BGSU, Biochemistry, bioinformatics, Bioinformatics, Biologist, biologist, Biology, biology, biomedical, Biomedical, Biophysics, Biosciences, Biotechnology, biotechnology, Bloomsbury, BSc, BSU, BYU, Cal, calgary, Calif, CALIFORNIA, california, California, California Institute of Technology, Caltech, Cambridge, Campus, CAMPUS, campus, Campuses, campuses, Canada, canada, CANADA, Cardiology, Carnegie, Carnegie Mellon University, CBSE, CCSU, CCU, Center, Centre, CERN, cet, CEU, Chancellor, chancellor, chem, Chemist, Chemistry, chemistry, Chemists, Chicago, CHICAGO, chicago, CHINA, China, CHINESE, Cincinnati, Cisco, Citation, Cited, citywide, classes, Classes, classmates, Classmates, Classroom, classroom, classrooms, Classrooms, Clemson, CMU, coeds, college, COLLEGE, College, collegehumor, CollegeHumor, colleges, Colleges, collegial, collegiate, Collegiate, colloquium, columbia, Columbia University, Communications, community, Companies, computational, Computational, Computers, Computing, conference, Conference, conferences, Conferencing, consortium, Cornell, Cornell University, course, courses, Courses, courseware, Coursework, coursework, Criminology, Critically, CSU, CTU, Curricula, curricula, curricular, Curriculum, curriculums, Cybernetics, Dartmouth, deans, degree, Degree, degrees, Degrees, Delft University of Technology, delhi, Delhi, Deloitte, Department, Departmental, Departments, dept, Dept, Design, Designing, Dietetics, diploma, Diploma, Diplomas, diplomas, disciplines, Dissertation, dissertation, dissertations, Dissertations, Diversity, Doctoral, doctoral, doctorate, Doctorate, doctorates, Doctors, dormitories, dormitory, DSU, dubai, Dubai, DUBLIN, Duke University, Ecole, econ, Economics, economics, Economist, economist, Economists, ecu, EDU, Edu, edu, Educ, educated, educates, Educating, educating, education, EDUCATION, Education, Educational, educational, EDUCATIONAL, educationally, educations, educative, Educator, Educators, educators, Elsevier, Emory, eng, Eng, ENG, Engg, Engineer, Engineering, engineering, Engineers, engineers, Engl, ENGLISH, English, english, enrolled, enrollment, enrollments, erudition, ESPNU, Essay, essay, essays, Essays, ETH Zurich, ETSU, eureka, Europe, EUROPEAN, European, Exam, EXAM, Examining, Exams, exams, experimenting, Experiments, experiments, Externally, extracurricular, FaceBook, Facebook, Faculties, faculties, FACULTY, faculty, Faculty, FAMU, FAU, FCU, fellows, fellowship, fellowships, Feynman, Finance, FINANCE, Finland, FIU, For, FRANCE, fraternity, Fraunhofer, Freiburg, Freshman, freshman, Freshmen, freshmen, From, FSU, Fudan University, Fujitsu, Fulbright, Funded, Gastroenterology, GCSE, geneticist, Genetics, geneva, Genomics, Georgia Institute of Technology, Geoscience, Geosciences, glasgow, GlaxoSmithKline, global, GMAT, GOOGLE, GPA, grad, grads, Graduate, graduate, graduated, Graduated, Graduates, graduates, Graduating, graduating, graduation, Graduation, graduations, GreatSchools, GSU, Guangdong, GVSU, Göteborg, Harvard, harvard, Harvard University, Heidelberg, Helsinki, Here, highschool, Highschool, Homepage, Hongkong, Honolulu, honolulu, honors, hospital, Hospital, Hospitals, Houston, HSU, Hsu, Humanities, humanities, IAU, IBM, ibm, ICU, IEEE, IELTS, IIA, iin, IIT, ILLINOIS, Illinois, illinois, immunology, Immunology, Imperial College London, India, Info, informatics, Informatics, Information, Institut, Institute, INSTITUTE, institute, institutes, Institutes, institution, Institution, Institutional, institutional, Institutions, institutions, Instituto, Instructor, instructors, Intel, Intellect, intellect, intellectual, Intellectual, intellectually, intellectuals, Intellectuals, intercollegiate, Intercollegiate, Interdisciplinary, interdisciplinary, intern, INTERNATIONAL, International, international, internationally, Internationally, interns, Internship, internship, internships, Internships, Intl, Investigating, iou, ISU, ITU, itu, IUI, IUPUI, JERUSALEM, Jerusalem, JMU, Johannesburg, Johns Hopkins University, JPMorgan, Karolinska Institute, King’s College London, KOREA, KSU, KU Leuven, Kyiv, Lab, lab, laboratories, Laboratories, Laboratory, laboratory, Labs, labs, LabVIEW, Lancet, Laureate, Lausanne, LAUSD, Learn, Learning, learning, LEARNING, Lecture, lecture, lectured, Lecturer, lecturers, Lectures, lectures, leeds, Lehigh, Leiden, Leuven, Lexington, lexington, linguist, linguists, LINUX, Literature, liverpool, Liverpool, LLM, LMU, LMU Munich, London, london, LONDON, London School of Economics and Political Science, Louisville, Loyola, LSE, LSU, Lyceum, majored, majoring, majors, manhattan, Maryland, maryland, Marymount, Massachusetts Institute of Technology, Masters, masters, MATH, Math, Mathematica, mathematical, Mathematical, mathematician, mathematicians, mathematics, Mathematics, Maths, MBA, mba, MBAs, MBBS, McGill, McGill University, MCU, Mechanics, medical, Medical, medicine, Medicine, melbourne, Meteorology, methodology, Methodology, metrology, miami, Microbiology, Microelectronics, Microsystems, milan, milano, Milwaukee, MILWAUKEE, minneapolis, Minneapolis, minnesota, MIT, mit, Mizzou, MMU, montreal, Montreal, Montréal, Moodle, Moscow, moscow, MSc, MSU, MTSU, MTU, Multidisciplinary, Multinational, Mumbai, munich, Munich, MUS, München, Nairobi, nanotechnology, Nanotechnology, Nanyang Technological University, Singapore, NASA, Nasa, nasa, National University of Singapore, NAU, NCAA, ncaa, NCBI, NCSU, NCUA, NDSU, neu, Neuro, Neurobiology, neurobiology, neurologist, neurology, Neurology, neuroscience, Neuroscience, Neurosciences, New York University, news, NewYork, NIH, NIU, NMSU, nobel, Nobel, Northeastern, Northwestern, Northwestern University, Norway, NPR, NSU, NTU, NUS, NYC, nyc, Nyc, NYT, NYTimes, NYU, Observatory, OHSU, Olympiad, Olympus, Ophthalmology, organisation, Organisation, Organisational, organization, Organization, Organizational, organizations, Organizations, OSU, Ottawa, ottawa, Overseas, Oxford, oxford, Oxfordshire, Paris, paris, Peking University, Penn, Phd, PHD, phd, PhD, PhDs, phi, Phi, philadelphia, Philadelphia, Philly, philosopher, Philosopher, Philosophical, Philosophy, Photonics, physicist, Physicist, physicists, Physicists, PHYSICS, physics, Physics, Pittsburgh, Politics, Polytechnic, postdoc, Postdoctoral, postdoctoral, Postgraduate, postgraduate, PostgreSQL, postsecondary, Postsecondary, prestigious, PricewaterhouseCoopers, Princeton, Princeton University, Principal, principal, PRNewswire, Probability, probability, Prof, prof, PROFESSOR, Professor, professor, professors, Professors, professorship, Program, Programme, programs, Programs, ProQuest, psu, PSU, Psychologist, psychologist, Psychologists, Psychology, psychology, Public, Publication, Publications, publications, Publicly, PubMed, Purdue, Qualcomm, Quality, Quant, Quebec, Quinnipiac, Québec, Radiology, Research, RESEARCH, researched, Researched, researcher, Researcher, Researchers, researchers, researches, Researches, Researching, researching, RMIT, Robotics, robotics, Routledge, Rutgers, SAT, Scholar, scholar, scholarly, Scholarly, scholars, Scholars, scholarship, SCHOLARSHIP, Scholarship, scholarships, Scholarships, Scholastic, School, SCHOOL, school, Schoolhouse, schooling, SCHOOLS, Schools, schools, sci, SCI, Sci, SCIENCE, Science, science, ScienceDirect, Sciences, sciences, SCIENCES, Scientific, SCIENTIFIC, scientific, scientifically, Scientifically, Scientists, scientists, SciTech, SDSU, Seattle, seattle, SEC, Selection, Semester, semester, semesters, seminar, seminaries, seminars, seminary, Seminary, Seoul, SEOUL, SFU, shanghai, Shanghai, Shanghai Jiao Tong University, Shenzhen, simulations, Singapore, singapore, SIU, Siu, Smithsonian, SMU, SoCal, Sociological, sociologist, Sociology, sociology, Sophomore, sophomore, Sorbonne, Source, Southeastern, SSU, Stanford, Stanford University, Starbucks, State, statistician, statisticians, statistics, Statistics, Stats, STEAM, STEM, stockholm, Stockholm, STUDENT, Student, student, STUDENTS, students, Students, Studied, studied, studies, STUDIES, Studies, Study, STUDY, study, studying, Studying, SUNY, Sweden, Syllabus, symposium, syracuse, Syracuse, Taipei, Taiwanese, taught, TCU, Teacher, teachers, Teachers, teaches, Teaches, teaching, Teaching, TEACHING, Team, Tech, Technical, TECHNICAL, technical, Technical University of Munich, Technological, technologies, Technologies, TECHNOLOGIES, Technologists, Technology, technology, TECHNOLOGY, TEDx, Tesla, Textbook, Textbooks, The, THE, THe, The University of Chicago, The University of Tokyo, theological, Theological, Theology, theoretical, Theory, theory, theses, Theses, thesis, Thesis, TOEFL, TOKYO, Toronto, toronto, Toxicology, Tsinghua University, TSU, Tufts, tufts, tuition, Tuition, Tulane, Turin, Turku, tutor, Tutor, tutoring, Tutoring, UAA, UAB, UAC, uae, UAE, Uae, UAH, UAS, UBC, Ubisoft, Ubuntu, ubuntu, UCA, UCAS, UCB, UCC, UCD, UCF, UCI, UCL, UCLA, UCONN, UConn, UCR, UCS, UCSB, UCSC, UCSD, UCSF, UFA, UGA, UGC, UIC, uit, UKC, ull, ULM, Ulm, ultrasound, UMass, UMASS, UMBC, UML, UNA, UNAIDS, UNC, Uncategorized, Und, und, UND, undergrad, Undergrad, undergrads, Undergraduate, undergraduate, Undergraduates, undergraduates, UNE, UNEP, UNESCO, Unesco, UNH, Uni, uni, UNI, Unicode, Unified, unified, Union, Unitarian, united, UNITED, United, UnitedHealth, Units, Univ, Univeristy, universal, Universal, UNIVERSAL, universality, universe, Universe, UNIVERSE, Universidad, Universidade, Universit, Universiteit, Universiti, universities, Universities, university, UNIVERSITY, University, University College London, University of British Columbia, University of California, Berkeley, University of California, Los Angeles, University of California, San Diego, University of Cambridge, University of Edinburgh, University of Hong Kong, University of Illinois at Urbana-Champaign, University of Melbourne, University of Michigan-Ann Arbor, University of Oxford, University of Pennsylvania, University of Toronto, University of Washington, Universität, Universität Heidelberg, Université, Unix, unix, UNIX, UNL, UNLV, UNM, uns, UNSW, UNT, Uppsala, UPS, Upstate, Urban, urban, Urbana, Uri, URI, Urological, urology, Urology, Usa, USA, Usain, USAJ, usc, USC, USCF, USCHO, USF, USG, USI, USM, USMC, USMLE, USP, USPTO, UST, USTA, USU, UTA, UTAH, UTC, utd, UTD, Utd, UTM, Utrecht, UTS, UVA, UVa, UVM, UWM, UWS, valedictorian, Vancouver, vancouver, Vanderbilt, varsity, Varsity, VCU, WASHINGTON, Washington, Wellesley, Wesleyan, WHERE, Who, Wikimedia, Wikipedia, WISCONSIN, WKU, WMU, Wolverines, Workplace, Worldwide, WSU, Wuhan, WVU, WWDC, www, yale, Yale, Yale University, yeshiva, YOUTUBE, Youtube, YouTube, youtube, Zoological, Zoology, Zurich, Zürich, École, École Polytechnique Fédérale de Lausanne