Cluster 0:asphalt, Auto, auto, AUTO, Avenue, avenue, avenues, bicycle, Bicycle, bicycles, Biker, bikes, Bikes, biking, BMW, bmw, Boulevard, bridge, Bridge, bridges, Bridges, Crossing, cycles, cycling, Cycling, cyclists, Equestrian, gravel, highways, intervals, mechanic, metre, metres, Mode, modes, Modes, motorists, pace, Pace, Parkway, paved, pavement, pedals, pedestrian, pedestrians, Quad, roads, sporty, spree, streets, tempo, vans, Vans, walk, Walk, Walker, walker, walking, walks
Cluster 1:abstracts, academia, academic, Academic, Ambassador, ambassador, architect, Architect, architects, Architects, authors, biography, coaches, consultant, Consultant, consultants, Consultants, consulting, Consulting, economist, educated, educator, educators, empirical, essays, faculty, Faculty, founded, Founded, historian, inventor, journalist, journalists, lecturer, librarian, philosopher, philosophers, Prof, profession, Professional, professions, Professor, professor, professors, psychiatrist, psychologist, scientist, Scientist, scientists, Symposium, Universities
Cluster 2:artistic, Arts, arts, Bach, Ballet, ballet, Baroque, Beethoven, Classic, CLASSIC, classical, Classical, Classics, classics, composer, Composer, composers, editions, Editions, ensemble, Ensemble, flute, Flute, Gaga, guitar, Guitar, guitarist, guitars, Guitars, Jazz, jazz, Mozart, Muse, Opera, opera, performances, pianist, Picasso, Pilates, poet, Poet, poets, Quartet, Queen, queen, Renaissance, Rock, Rocker, Shakespeare, Symphony, trumpet, Zeppelin
Cluster 3:abroad, Abroad, caravan, continent, continents, cruises, Cruises, embark, Embassy, embassy, excursion, excursions, exhibitions, exploits, exploration, Explorer, explorer, explores, geographic, geographical, Geological, Geology, geology, Gypsy, hikes, hiking, journeys, leisure, monuments, Museum, museum, museums, Museums, Observatory, parks, Parks, recreation, recreational, roam, stroll, toured, touring, Touring, tourist, Tourist, tourists, travelled, travels, Travels, wander, wandered, wandering
Cluster 4:Airbus, Alpine, Alps, Andreas, Anton, Audi, auf, Austria, Austrian, Basel, Bauer, Belgian, Belgium, bilingual, blond, Bosch, Braun, Brussels, Busch, Deutsch, Deutsche, Ernst, EUR, Euro, euro, Europa, Europe, europe, european, European, Europeans, euros, Euros, Federer, Fischer, Franz, Fritz, für, german, German, Germans, Germany, germany, GmbH, Hague, Hamburg, Hans, Hitler, Hoffman, Kaiser, Ludwig, Luther, Luxembourg, Mercedes, Munich, NATO, Nazi, Nazis, Nordic, Norway, Oslo, Otto, Sachs, Scandinavian, Schmidt, Schneider, Schultz, Schwartz, Siemens, Sophie, Strauss, Sweden, Swiss, swiss, Switzerland, UEFA, Vienna, Volkswagen, Von, Wagner, Weiss, Wolfgang, Zurich
Cluster 5:Ajax, bankrupt, bureau, businesses, Businesses, Capri, cheese, Cheese, cheeses, Como, companies, Companies, enterprises, factories, firms, Firms, Geo, Gras, gratis, industries, Industries, industry, Italy, Jersey, jersey, lawsuits, Liberty, manufacturers, Manufacturers, manufactures, mare, Mayo, Meg, Melanie, Mercury, mesh, Mesh, met, Met, Metro, metro, Metropolitan, metropolitan, Meyer, michael, MICHAEL, Michele, Michelin, Milan, Milano, Mill, mill, Millennium, Miller, Mills, mills, mines, Mines, MSM, Municipal, municipal, municipalities, municipality, premises, prosecuted, prosecution, prosecutors, Provincial, PUBLIC, retail, retailer, retailers, Retailers, rust, Rye, shops, Shops, stores, Stores, sue, sued, suing, supermarkets, Town, towns, Towns, Tuscany
Cluster 6:Bistro, Bordeaux, Brewery, Cabernet, champagne, Champagne, Chateau, gourmet, Gourmet, grape, Grape, grapes, Mead, Pinot, Sauvignon, Vineyard, vineyard, vineyards, wine, Wine, Winery, winery, wines, Wines
Cluster 7:Atlantic, Atlantis, atmospheric, beaches, breeze, Canal, canal, dam, Dam, divers, Eau, electro, floating, floats, flood, Flood, flooded, flooding, floods, flows, flux, fountains, freshwater, Glacier, hydraulic, influx, Lakes, lakes, Mediterranean, Neptune, Niagara, Phelps, pump, pumps, Pumps, Rapids, Reservoir, Riviera, sail, Sail, sailed, sailing, sails, scuba, Scuba, sewage, showers, Springs, springs, sublime, surfaced, swim, Swim, swimming, Swimming, Titanic, Valve, Venice, wastewater, WATER, waterfall, waterfalls, Waterford, waterfront, Waterfront, Waterloo, waters, Waters, whales
Cluster 8:Abbey, albeit, Andrews, Anglican, Armstrong, Arsenal, Atlas, Avalon, Baldwin, Baron, Barry, Barton, Bates, Blaine, Blake, bliss, blonde, Blonde, Bourne, breach, Brewers, Bruins, Brunswick, Buffy, Burgess, Burton, Byron, Cam, came, Canadian, Cannon, cannon, cape, Carlton, Carnegie, Carr, Carter, catastrophe, caucasian, Caucasian, centuries, century, Century, Chancellor, Charles, Chelsea, Claremont, Clive, Concord, Continental, continental, Cummings, Daisy, Damien, Damon, Dane, Darwin, David, Davies, Dillon, Dion, Dover, Duffy, Duke, Eaton, Eden, Edison, Edmund, Edwin, eighteen, Elgin, Eliot, Ellen, Ellis, Elton, Emanuel, emerged, emergence, Emerson, Emily, Emmy, Eng, England, england, English, english, ENGLISH, EOS, Episcopal, ESPN, Evangelical, Evans, EVINRUDE, Exodus, Favre, flash, Fleming, Fulton, fuss, Gail, Galway, Garland, Garmin, Garrison, Gates, gates, Geoff, George, george, GEORGE, Gibson, Giles, Glen, Gloucester, Golf, golf, golfers, Gould, Graves, gravity, Guinness, Gus, Gwen, hail, Hail, Hamilton, Hampshire, Hanover, Hansen, Harvey, Hayes, Helen, Henry, Herbert, Hilton, Hoover, Houghton, Howe, Howell, Huffington, Hugh, Hughes, hull, Huntsville, Imperial, interim, Irene, james, JAMES, Jensen, July, july, JULY, Kate, Lauderdale, Mason, May, Mayer, Milton, name, named, Named, names, Names, nineteenth, Norman, Oakley, Oliver, Osborne, overall, Overall, Owen, Owens, PAUL, Penguins, plague, Poe, premise, PRESS, presses, prose, puck, quarter, Quarter, quarters, Quentin, qui, Ramsey, Rockwell, Rooney, Ross, Rugby, rugby, rush, Rush, Salisbury, Samuel, Saul, seven, Seven, Shane, Shaun, Shelley, smith, span, spans, spelling, sporting, Sporting, Stanton, Stevenson, Stuart, Sullivan, summers, Summers, Sussex, Swan, sway, Sweeney, timeline, Toni, twentieth, Ultimately, Ulysses, unleashed, USGS, Vale, Vanessa, Vermont, Victoria, Victorian, VII, Wade, Wales, Walsh, Walt, Walter, Walters, Walton, Warner, WAS, Watson, Watts, Wayne, wayne, Wells, wells, Wes, Western, whatsoever, whereas, WHICH, Whitman, Whitney, Wilde, Wilmington, Wimbledon, Windsor, Winston, Wisconsin, Wolfe, wrought
Cluster 9:absolute, Absolute, accents, acquisitions, address, addresses, Addresses, Aperture, approaches, architectural, Architectural, architecture, articulated, Artisan, autonomous, braces, cables, café, cameras, cams, Canon, catalogue, Cathedral, cathedral, cavity, Centres, clinics, Clinics, conduit, constructed, Couture, dental, Dental, dentist, Dentist, Dentistry, dentistry, dentists, Dentists, elegance, embodiment, embodiments, enamel, exposures, Faux, fiberglass, fossil, galleries, Galleries, garage, Garage, gauge, Gauge, Gay, glamorous, glamour, Glamour, Gothic, grace, Grace, graceful, granite, Granite, gums, implants, imprint, installations, interchangeable, lace, Lace, leases, leasing, liberal, Liberal, liberals, Liberals, Maiden, namespace, occupational, painters, parallels, photographer, photographers, Photographers, prototype, queer, razor, rebuilt, reconstruction, Reconstruction, restoration, Restoration, Rose, rose, roses, Roses, ruin, Salon, Salons, salons, sculpture, sculptures, selections, Selections, spas, Spas, Swarovski, synonymous, therapist, therapists, tongues, Universal, universal, universally, unveiled, vacuum, Vacuum, veterinarian, Vintage, vintage, VINTAGE, Vogue
Cluster 10:Agnes, Albert, Alfred, Andre, Anne, Annette, Apollo, Arthur, Audrey, Augustine, avec, Barcelona, Beaumont, Belle, Blanc, Bravo, Brittany, Cannes, Catherine, Catholic, catholic, Catholics, Chanel, Charlotte, Claude, Clement, Dame, dans, Dante, Denis, Dominique, Dracula, Elle, Emmanuel, Ferdinand, Florence, Fran, France, france, Frances, Francis, Franco, Frankenstein, french, French, Gabriel, Gabrielle, Garlic, Genesis, Geneva, Geoffrey, Georges, Gilbert, Grande, Henri, Hermes, Hugo, Jacques, Jaime, Jean, Jeanne, Jerome, Joyce, juin, Jules, Julius, Lafayette, Lambert, Lance, Latin, Laurence, Laurent, Laurie, lieu, Lorraine, Louis, louis, Louise, Lyon, Lyons, Madame, Marcel, Marcus, Marie, Marion, Maurice, Michel, Monaco, Monroe, Monte, Montreal, Monty, Napoleon, Notre, Olivier, Orleans, Ottawa, Paris, paris, Pascal, Peugeot, Pierre, Pope, pope, Protestant, Quebec, Raton, Regis, Renault, Rene, Roland, Roma, Roman, Romania, Romanian, Romans, Rome, Rosa, Rosen, Rossi, Rouge, Roulette, Rue, Sebastian, Simone, Suzanne, tennis, Tennis, Troy, une, Vampire, vampire, vampires, Vatican, Venetian, Venus, Vince, Vincent, XVI
